DATE,CSUSHPISA,DSPIC96_NBD19590101
1987-01-01,63.965,281.06712
1987-02-01,64.425,282.55761
1987-03-01,64.735,282.91423
1987-04-01,65.134,272.29334
1987-05-01,65.569,283.33029
1987-06-01,66.075,282.95538
1987-07-01,66.508,283.74177
1987-08-01,66.936,284.93508
1987-09-01,67.329,284.93965
1987-10-01,67.74,286.77304
1987-11-01,68.108,287.88862
1987-12-01,68.507,290.46269
1988-01-01,68.859,291.07535
1988-02-01,69.263,292.77615
1988-03-01,69.637,293.96946
1988-04-01,69.97399999999999,294.97988
1988-05-01,70.425,295.39137
1988-06-01,70.887,296.48866
1988-07-01,71.354,297.72312
1988-08-01,71.79899999999999,298.55980
1988-09-01,72.241,299.13588
1988-10-01,72.637,300.73153
1988-11-01,73.071,300.83211
1988-12-01,73.465,302.31346
1989-01-01,73.947,303.60735
1989-02-01,74.383,304.50805
1989-03-01,74.778,306.03969
1989-04-01,75.085,304.46690
1989-05-01,75.307,303.07242
1989-06-01,75.48,303.93197
1989-07-01,75.65899999999999,304.99726
1989-08-01,75.835,305.80651
1989-09-01,76.057,306.72092
1989-10-01,76.28699999999999,308.23427
1989-11-01,76.51899999999999,308.52688
1989-12-01,76.706,308.53146
1990-01-01,76.89699999999999,310.34199
1990-02-01,77.053,310.98665
1990-03-01,77.2,311.06437
1990-04-01,77.278,313.06236
1990-05-01,77.298,312.68745
1990-06-01,77.258,313.13552
1990-07-01,77.139,314.22366
1990-08-01,77.008,312.24854
1990-09-01,76.84899999999999,312.09766
1990-10-01,76.70100000000001,309.53731
1990-11-01,76.365,309.61503
1990-12-01,76.182,311.39356
1991-01-01,75.914,310.51116
1991-02-01,75.734,310.93636
1991-03-01,75.571,311.43014
1991-04-01,75.567,312.65088
1991-05-01,75.765,312.71031
1991-06-01,75.993,314.33339
1991-07-01,76.085,313.72531
1991-08-01,76.11,314.46598
1991-09-01,76.196,315.33925
1991-10-01,76.07300000000001,315.81931
1991-11-01,76.01100000000001,316.33138
1991-12-01,76.057,319.22549
1992-01-01,76.089,322.40307
1992-02-01,76.158,323.88442
1992-03-01,76.279,324.23647
1992-04-01,76.348,325.20574
1992-05-01,76.4,326.76939
1992-06-01,76.334,328.17301
1992-07-01,76.26899999999999,327.95355
1992-08-01,76.234,329.13314
1992-09-01,76.242,327.61522
1992-10-01,76.381,325.51664
1992-11-01,76.558,326.01500
1992-12-01,76.67699999999999,337.63259
1993-01-01,76.788,330.26244
1993-02-01,76.84100000000001,331.82608
1993-03-01,76.872,330.79279
1993-04-01,76.94,332.51189
1993-05-01,77.039,332.03182
1993-06-01,77.245,331.41917
1993-07-01,77.433,332.25585
1993-08-01,77.616,332.74049
1993-09-01,77.797,331.83065
1993-10-01,77.945,330.20757
1993-11-01,78.15,331.12655
1993-12-01,78.33,342.40582
1994-01-01,78.595,335.99122
1994-02-01,78.73,336.63588
1994-03-01,78.86,337.75146
1994-04-01,78.991,337.76518
1994-05-01,79.225,341.66057
1994-06-01,79.426,341.12107
1994-07-01,79.59899999999999,341.40454
1994-08-01,79.78399999999999,341.80688
1994-09-01,79.922,343.29737
1994-10-01,80.068,346.55724
1994-11-01,80.152,346.54810
1994-12-01,80.29899999999999,348.12546
1995-01-01,80.429,349.25475
1995-02-01,80.531,349.95885
1995-03-01,80.601,350.92356
1995-04-01,80.665,348.33577
1995-05-01,80.709,351.86083
1995-06-01,80.789,352.91697
1995-07-01,80.942,353.70794
1995-08-01,81.11399999999999,353.95026
1995-09-01,81.311,355.10699
1995-10-01,81.487,355.50933
1995-11-01,81.624,356.48775
1995-12-01,81.741,356.97696
1996-01-01,81.839,357.46617
1996-02-01,81.95700000000001,360.23226
1996-03-01,82.198,361.39813
1996-04-01,82.425,359.22641
1996-05-01,82.613,363.77560
1996-06-01,82.756,365.97933
1996-07-01,82.93299999999999,365.02377
1996-08-01,83.09100000000001,365.95647
1996-09-01,83.26100000000001,366.82059
1996-10-01,83.381,366.79773
1996-11-01,83.556,367.79901
1996-12-01,83.725,369.05633
1997-01-01,83.959,370.11247
1997-02-01,84.185,371.14576
1997-03-01,84.456,372.90600
1997-04-01,84.62700000000001,373.18947
1997-05-01,84.866,374.82626
1997-06-01,85.084,376.02871
1997-07-01,85.336,377.45062
1997-08-01,85.57700000000001,379.41203
1997-09-01,85.854,380.40417
1997-10-01,86.15100000000001,382.28786
1997-11-01,86.635,384.75677
1997-12-01,87.096,386.97421
1998-01-01,87.619,390.37582
1998-02-01,88.007,392.84016
1998-03-01,88.446,395.09418
1998-04-01,88.883,396.34236
1998-05-01,89.368,397.95629
1998-06-01,89.84899999999999,400.21489
1998-07-01,90.314,400.92356
1998-08-01,90.79,402.21745
1998-09-01,91.26299999999999,403.40618
1998-10-01,91.72200000000001,403.99140
1998-11-01,92.204,405.66020
1998-12-01,92.71600000000001,406.45117
1999-01-01,93.212,407.98281
1999-02-01,93.67399999999999,409.34528
1999-03-01,94.22,409.76134
1999-04-01,94.788,408.96580
1999-05-01,95.348,409.74762
1999-06-01,95.98,411.13753
1999-07-01,96.596,411.60388
1999-08-01,97.22399999999999,413.45099
1999-09-01,97.868,413.19495
1999-10-01,98.529,415.81474
1999-11-01,99.161,418.81401
1999-12-01,99.85,422.21562
2000-01-01,100.552,425.52579
2000-02-01,101.339,427.14887
2000-03-01,102.126,428.24159
2000-04-01,102.92200000000001,430.21672
2000-05-01,103.677,431.89466
2000-06-01,104.42299999999999,432.95538
2000-07-01,105.054,435.10424
2000-08-01,105.76799999999999,437.47714
2000-09-01,106.537,437.53658
2000-10-01,107.381,438.13552
2000-11-01,108.3,437.95721
2000-12-01,109.13799999999999,438.70245
2001-01-01,109.84700000000001,441.29023
2001-02-01,110.501,442.05377
2001-03-01,111.10799999999999,443.36138
2001-04-01,111.65,442.15435
2001-05-01,112.162,441.11650
2001-06-01,112.795,441.12564
2001-07-01,113.491,447.63168
2001-08-01,114.167,455.32644
2001-09-01,114.81,451.99799
2001-10-01,115.30799999999999,444.96617
2001-11-01,115.854,445.97202
2001-12-01,116.45100000000001,446.89100
2002-01-01,117.14299999999999,455.75622
2002-02-01,117.845,456.12655
2002-03-01,118.68799999999999,456.10369
2002-04-01,119.611,457.72220
2002-05-01,120.72399999999999,459.25384
2002-06-01,121.81200000000001,460.26884
2002-07-01,122.887,458.80578
2002-08-01,123.83,458.52688
2002-09-01,124.77799999999999,458.70977
2002-10-01,125.73299999999999,459.97623
2002-11-01,126.667,461.34784
2002-12-01,127.62100000000001,462.88862
2003-01-01,128.46,462.90234
2003-02-01,129.355,461.69532
2003-03-01,130.148,462.87491
2003-04-01,130.885,465.29353
2003-05-01,131.735,468.85059
2003-06-01,132.649,470.23592
2003-07-01,133.775,475.89155
2003-08-01,134.967,479.00512
2003-09-01,136.29399999999998,473.23519
2003-10-01,137.532,475.05944
2003-11-01,138.793,478.07699
2003-12-01,140.18,478.73537
2004-01-01,141.64700000000002,478.27816
2004-02-01,143.19299999999998,479.11485
2004-03-01,145.059,481.07626
2004-04-01,146.591,483.08797
2004-05-01,148.183,485.72147
2004-06-01,149.84799999999998,486.13296
2004-07-01,151.335,487.12509
2004-08-01,152.631,488.54243
2004-09-01,154.17700000000002,488.78475
2004-10-01,155.75,489.10936
2004-11-01,157.52700000000002,487.84748
2004-12-01,159.33,505.97110
2005-01-01,161.28799999999998,487.80633
2005-02-01,163.343,488.00750
2005-03-01,165.81,489.74488
2005-04-01,167.50099999999998,491.30395
2005-05-01,169.351,493.54883
2005-06-01,171.19,494.62783
2005-07-01,172.859,494.75585
2005-08-01,174.442,495.38680
2005-09-01,176.438,493.69971
2005-10-01,178.028,497.32078
2005-11-01,179.68200000000002,501.45391
2005-12-01,180.91,504.09199
2006-01-01,182.32,509.18526
2006-02-01,183.287,510.98208
2006-03-01,184.363,511.91935
2006-04-01,184.329,511.66789
2006-05-01,184.15599999999998,511.44843
2006-06-01,183.50799999999998,512.69660
2006-07-01,183.06799999999998,512.28054
2006-08-01,182.595,512.12966
2006-09-01,182.8,515.38497
2006-10-01,183.201,518.03219
2006-11-01,183.611,520.04389
2006-12-01,184.141,522.04188
2007-01-01,184.518,522.53109
2007-02-01,184.59799999999998,524.52451
2007-03-01,184.15,526.33504
2007-04-01,183.01,526.29389
2007-05-01,181.6,525.97385
2007-06-01,180.255,525.15545
2007-07-01,179.114,525.59894
2007-08-01,178.12099999999998,525.98299
2007-09-01,177.56099999999998,527.24031
2007-10-01,176.62599999999998,526.40819
2007-11-01,175.14700000000002,525.79097
2007-12-01,174.34099999999998,527.69751
2008-01-01,173.13299999999998,528.22787
2008-02-01,171.541,528.13643
2008-03-01,170.054,527.91697
2008-04-01,168.338,525.80468
2008-05-01,166.66,551.00128
2008-06-01,165.019,536.42099
2008-07-01,163.57,527.98098
2008-08-01,161.991,524.96800
2008-09-01,160.311,526.42648
2008-10-01,158.328,529.28402
2008-11-01,156.141,533.28456
2008-12-01,153.61700000000002,530.60534
2009-01-01,151.505,532.48446
2009-02-01,150.012,526.98884
2009-03-01,148.659,526.83339
2009-04-01,147.94799999999998,531.56090
2009-05-01,147.69299999999998,540.36211
2009-06-01,148.088,531.43745
2009-07-01,148.407,528.97769
2009-08-01,148.273,527.62893
2009-09-01,148.02100000000002,528.61650
2009-10-01,147.847,526.34418
2009-11-01,148.134,527.79353
2009-12-01,147.93,530.68307
2010-01-01,147.394,530.73793
2010-02-01,145.631,530.63277
2010-03-01,145.859,532.36558
2010-04-01,146.399,536.80505
2010-05-01,146.389,541.11650
2010-06-01,145.716,542.07663
2010-07-01,144.985,542.96818
2010-08-01,143.908,544.54554
2010-09-01,143.011,544.01061
2010-10-01,142.52200000000002,544.80157
2010-11-01,142.167,546.00402
2010-12-01,142.05700000000002,549.85827
2011-01-01,141.52200000000002,552.11686
2011-02-01,140.351,553.47933
2011-03-01,139.983,551.79225
2011-04-01,140.007,550.77268
2011-05-01,139.901,550.20574
2011-06-01,139.857,552.78438
2011-07-01,139.727,554.39832
2011-08-01,139.305,553.79023
2011-09-01,138.664,552.79353
2011-10-01,137.95,553.78109
2011-11-01,137.149,553.67593
2011-12-01,136.671,558.68691
2012-01-01,136.602,562.83833
2012-02-01,136.526,566.24451
2012-03-01,137.90200000000002,568.24707
2012-04-01,139.156,570.43709
2012-05-01,140.158,570.91258
2012-06-01,141.031,571.42008
2012-07-01,141.67,567.37381
2012-08-01,142.279,565.20208
2012-09-01,142.908,567.94075
2012-10-01,143.601,572.22476
2012-11-01,144.585,580.30816
2012-12-01,145.501,595.08047
2013-01-01,146.832,560.81748
2013-02-01,147.77700000000002,557.99653
2013-03-01,149.96,558.85607
2013-04-01,151.52,561.04609
2013-05-01,152.855,564.26481
2013-06-01,154.205,564.84546
2013-07-01,155.612,564.24195
2013-08-01,156.976,565.48555
2013-09-01,158.235,567.77158
2013-10-01,159.247,566.27195
2013-11-01,160.077,568.07334
2013-12-01,160.996,569.85644
2014-01-01,161.946,572.57681
2014-02-01,162.53,576.11101
2014-03-01,163.097,579.26116
2014-04-01,163.407,581.44660
2014-05-01,163.674,583.65490
2014-06-01,164.074,586.35241
2014-07-01,164.585,588.17209
2014-08-01,165.22099999999998,590.95190
2014-09-01,165.912,592.77615
2014-10-01,166.649,595.29078
2014-11-01,167.34099999999998,598.17118
2014-12-01,168.05900000000003,601.86540
2015-01-01,168.667,606.34601
2015-02-01,169.148,608.68233
2015-03-01,169.827,606.95410
2015-04-01,170.327,608.16112
2015-05-01,170.908,609.21726
2015-06-01,171.49599999999998,609.81163
2015-07-01,172.15200000000002,611.64960
2015-08-01,172.95,613.25439
2015-09-01,173.842,614.94148
2015-10-01,174.804,615.99762
2015-11-01,175.74900000000002,615.75530
2015-12-01,176.55,618.63113
2016-01-01,177.28900000000002,620.89429
2016-02-01,177.655,621.60296
2016-03-01,178.18900000000002,622.10132
2016-04-01,178.812,621.22348
2016-05-01,179.488,620.93087
2016-06-01,180.15900000000002,621.21891
2016-07-01,180.899,623.17118
2016-08-01,181.89700000000002,623.61010
2016-09-01,182.851,625.44806
2016-10-01,183.75799999999998,626.76024
2016-11-01,184.74200000000002,628.02213
2016-12-01,185.687,629.11028
2017-01-01,186.791,632.08211
2017-02-01,187.31400000000002,634.37729
2017-03-01,188.065,637.44056
2017-04-01,188.84799999999998,638.57901
2017-05-01,189.767,642.81273
2017-06-01,190.674,643.00018
2017-07-01,191.581,644.80157
2017-08-01,192.78,645.70227
2017-09-01,193.80599999999998,646.95958
2017-10-01,194.77200000000002,648.67410
2017-11-01,195.856,649.35991
2017-12-01,197.035,650.46635
2018-01-01,198.173,655.75622
2018-02-01,199.125,657.43416
2018-03-01,200.08700000000002,660.10424
2018-04-01,200.925,661.64503
2018-05-01,201.75,663.50585
2018-06-01,202.55900000000003,665.55871
2018-07-01,203.135,667.97275
2018-08-01,203.875,669.79243
2018-09-01,204.396,669.26664
2018-10-01,204.995,670.74799
2018-11-01,205.44099999999997,671.58467
2018-12-01,205.85299999999998,678.36960
2019-01-01,206.222,678.53420
2019-02-01,206.61599999999999,679.59492
2019-03-01,207.305,679.21086
2019-04-01,208.019,677.45062
2019-05-01,208.726,677.10315
2019-06-01,209.21900000000002,677.88954
2019-07-01,209.66400000000002,678.50677
2019-08-01,210.37400000000002,681.80322
2019-09-01,210.959,682.77249
2019-10-01,211.55200000000002,682.89137
2019-11-01,212.395,685.68032
2019-12-01,213.391,683.98866
