År,Uge,Lang rente
2026,19,4.24
2026,18,4.28
2026,17,4.55
2026,16,4.24
2026,15,3.87
2026,14,4.30
2026,13,4.38
2026,12,4.51
2026,11,4.16
2026,10,4.00
2026,9,3.95
2026,8,3.96
2026,7,4.01
2026,6,4.47
2026,5,4.09
2026,4,4.05
2026,3,4.16
2026,2,3.89
2026,1,4.41
2025,52,4.08
2025,51,4.18
2025,50,4.11
2025,49,3.83
2025,48,3.82
2025,47,4.43
2025,46,3.80
2025,45,4.43
2025,44,3.87
2025,43,3.79
2025,42,3.96
2025,41,3.92
2025,40,3.97
2025,39,3.99
2025,38,3.99
2025,37,3.92
2025,36,4.10
2025,35,4.63
2025,34,4.08
2025,33,3.96
2025,32,4.74
2025,31,4.13
2025,30,4.65
2025,29,4.59
2025,28,4.11
2025,27,4.11
2025,26,4.37
2025,25,4.06
2025,24,4.62
2025,23,4.71
2025,22,4.15
2025,21,4.63
2025,20,4.16
2025,19,4.68
2025,18,4.03
2025,17,4.15
2025,16,4.32
2025,15,4.21
2025,14,4.12
2025,13,4.34
2025,12,4.17
2025,11,4.19
2025,10,4.08
2025,9,4.06
2025,8,3.93
2025,7,3.96
2025,6,3.98
2025,5,4.06
2025,4,4.06
2025,3,4.05
2025,2,3.93
2025,1,3.97
2024,52,3.98
2024,51,3.89
2024,50,3.91
2024,49,3.98
2024,48,4.38
2024,47,4.08
2024,46,4.06
2024,45,4.08
2024,44,4.54
2024,43,4.08
2024,42,4.15
2024,41,4.09
2024,40,4.51
2024,39,4.10
2024,38,4.13
2024,37,4.26
2024,36,4.18
2024,35,4.57
2024,34,4.19
2024,33,4.18
2024,32,4.18
2024,31,4.27
2024,30,4.26
2024,29,4.40
2024,28,4.31
2024,27,4.33
2024,26,4.34
2024,25,4.37
2024,24,4.45
2024,23,4.61
2024,22,4.42
2024,21,4.41
2024,20,4.50
2024,19,4.54
2024,18,4.44
2024,17,4.54
2024,16,4.29
2024,15,4.27
2024,14,4.25
2024,13,4.30
2024,12,4.30
2024,11,4.36
2024,10,4.27
2024,9,4.38
2024,8,4.32
2024,7,4.32
2024,6,4.31
2024,5,4.47
2024,4,4.42
2024,3,4.48
2024,2,4.63
2024,1,4.71
2023,52,4.93
2023,51,4.93
2023,50,5.05
2023,49,5.11
2023,48,5.16
2023,47,5.17
2023,46,5.21
2023,45,5.23
2023,44,5.31
2023,43,5.34
2023,42,5.33
2023,41,5.28
2023,40,5.50
2023,39,5.29
2023,38,5.25
2023,37,5.27
2023,36,5.29
2023,35,5.28
2023,34,5.30
2023,33,4.24
2023,32,4.24
2023,31,4.64
2023,30,4.42
2023,29,4.72
2023,28,4.91
2023,27,4.70
2023,26,4.89
2023,25,4.91
2023,24,4.38
2023,23,4.75
2023,22,4.48
2023,21,4.14
2023,20,4.39
2023,19,4.37
2023,18,4.86
2023,17,4.68
2023,16,4.36
2023,15,4.19
2023,14,4.72
2023,13,4.80
2023,12,4.90
2023,11,4.50
2023,10,5.18
2023,9,4.68
2023,8,4.48
2023,7,4.06
2023,6,4.60
2023,5,4.39
2023,4,4.44
2023,3,4.18
2023,2,4.01
2023,1,3.85
2022,52,4.75
2022,51,4.91
2022,50,4.46
2022,49,4.68
2022,48,4.83
2022,47,4.55
2022,46,5.03
2022,45,5.10
2022,44,5.17
2022,43,4.74
2022,42,4.91
2022,41,5.07
2022,40,4.62
2022,39,5.10
2022,38,4.79
2022,37,4.90
2022,36,4.00
2022,35,3.86
2022,34,3.74
2022,33,3.40
2022,32,3.30
2022,31,3.78
2022,30,3.86
2022,29,4.15
2022,28,4.13
2022,27,3.87
2022,26,4.10
2022,25,4.17
2022,24,3.99
2022,23,3.98
2022,22,3.52
2022,21,3.45
2022,20,3.37
2022,19,3.29
2022,18,3.31
2022,17,3.12
2022,16,2.93
2022,15,3.15
2022,14,2.95
2022,13,2.91
2022,12,3.01
2022,11,2.88
2022,10,2.69
2022,9,2.57
2022,8,2.59
2022,7,2.23
2022,6,2.28
2022,5,2.06
2022,4,1.88
2022,3,1.92
2022,2,1.92
2022,1,1.79
2021,52,1.75
2021,51,1.79
2021,50,1.70
2021,49,1.74
2021,48,1.64
2021,47,1.86
2021,46,1.93
2021,45,1.76
2021,44,1.89
2021,43,1.76
2021,42,1.76
2021,41,1.70
2021,40,1.76
2021,39,1.74
2021,38,1.69
2021,37,1.43
2021,36,1.28
2021,35,1.51
2021,34,1.51
2021,33,1.14
2021,32,1.38
2021,31,1.33
2021,30,1.44
2021,29,1.57
2021,28,1.56
2021,27,1.62
2021,26,1.60
2021,25,1.64
2021,24,1.69
2021,23,1.71
2021,22,1.63
2021,21,1.58
2021,20,1.65
2021,19,1.47
2021,18,1.47
2021,17,1.38
2021,16,1.45
2021,15,1.40
2021,14,1.25
2021,13,1.21
2021,12,1.28
2021,11,1.24
2021,10,1.19
2021,9,1.15
2021,8,1.16
2021,7,1.07
2021,6,0.97
2021,5,0.85
2021,4,0.80
2021,3,0.79
2021,2,0.80
2021,1,0.75
2020,53,0.86
2020,52,0.85
2020,51,0.87
2020,50,0.92
2020,49,0.97
2020,48,0.98
2020,47,1.00
2020,46,1.00
2020,45,0.98
2020,44,1.00
2020,43,0.96
2020,42,0.99
2020,41,1.02
2020,40,1.03
2020,39,1.02
2020,38,1.04
2020,37,1.06
2020,36,1.07
2020,35,1.08
2020,34,1.08
2020,33,1.07
2020,32,1.16
2020,31,1.16
2020,30,1.09
2020,29,1.08
2020,28,1.07
2020,27,1.07
2020,26,1.08
2020,25,1.11
2020,24,0.97
2020,23,1.16
2020,22,1.17
2020,21,1.16
2020,20,1.35
2020,19,1.14
2020,18,1.39
2020,17,1.53
2020,16,1.71
2020,15,1.64
2020,14,1.22
2020,13,1.81
2020,12,1.29
2020,11,1.15
2020,10,0.75
2020,9,0.91
2020,8,0.98
2020,7,1.39
2020,6,1.01
2020,5,1.03
2020,4,1.07
2020,3,1.09
2020,2,1.08
2020,1,1.44
2019,52,1.08
2019,51,1.10
2019,50,1.08
2019,49,1.59
2019,48,1.07
2019,47,1.09
2019,46,1.51
2019,45,1.10
2019,44,1.05
2019,43,1.05
2019,42,0.99
2019,41,0.84
2019,40,0.88
2019,39,0.91
2019,38,0.91
2019,37,0.82
2019,36,0.68
2019,35,0.78
2019,34,0.88
2019,33,0.97
2019,32,1.01
2019,31,1.29
2019,30,1.16
2019,29,1.21
2019,28,1.18
2019,27,1.12
2019,26,1.16
2019,25,1.14
2019,24,1.32
2019,23,1.41
2019,22,1.70
2019,21,1.53
2019,20,1.52
2019,19,1.56
2019,18,1.59
2019,17,1.59
2019,16,1.62
2019,15,1.58
2019,14,1.58
2019,13,1.57
2019,12,1.62
2019,11,1.67
2019,10,1.74
2019,9,1.76
2019,8,1.74
2019,7,1.87
2019,6,1.90
2019,5,1.98
2019,4,1.99
2019,3,2.01
2019,2,2.03
2019,1,1.96
2018,52,2.07
2018,51,2.06
2018,50,2.07
2018,49,2.08
2018,48,2.09
2018,47,2.07
2018,46,2.07
2018,45,2.09
2018,44,2.09
2018,43,2.09
2018,42,2.10
2018,41,2.11
2018,40,2.08
2018,39,2.09
2018,38,2.07
2018,37,2.07
2018,36,2.06
2018,35,2.07
2018,34,2.06
2018,33,2.06
2018,32,2.08
2018,31,2.11
2018,30,2.08
2018,29,2.05
2018,28,2.07
2018,27,2.05
2018,26,2.07
2018,25,2.10
2018,24,2.14
2018,23,2.12
2018,22,2.09
2018,21,2.13
2018,20,2.17
2018,19,2.18
2018,18,2.13
2018,17,2.17
2018,16,2.11
2018,15,2.09
2018,14,2.08
2018,13,2.14
2018,12,2.17
2018,11,2.20
2018,10,2.29
2018,9,2.33
2018,8,2.40
2018,7,2.39
2018,6,2.26
2018,5,2.17
2018,4,2.12
2018,3,2.08
2018,2,2.05
2018,1,2.05
2017,52,2.07
2017,51,2.05
2017,50,2.03
2017,49,2.04
2017,48,2.06
2017,47,2.07
2017,46,2.10
2017,45,2.08
2017,44,2.11
2017,43,2.15
2017,42,2.12
2017,41,2.12
2017,40,2.12
2017,39,2.15
2017,38,2.15
2017,37,2.15
2017,36,2.16
2017,35,2.34
2017,34,2.34
2017,33,2.47
2017,32,2.47
2017,31,2.18
2017,30,2.21
2017,29,2.20
2017,28,2.23
2017,27,2.21
2017,26,2.38
2017,25,2.17
2017,24,2.36
2017,23,2.32
2017,22,2.38
2017,21,2.28
2017,20,2.61
2017,19,2.27
2017,18,2.22
2017,17,2.32
2017,16,2.51
2017,15,2.18
2017,14,2.18
2017,13,2.38
2017,12,2.34
2017,11,2.41
2017,10,2.29
2017,9,2.32
2017,8,2.41
2017,7,2.31
2017,6,2.59
2017,5,2.46
2017,4,2.45
2017,3,2.39
2017,2,2.36
2017,1,2.26
2016,52,2.39
2016,51,2.47
2016,50,2.56
2016,49,2.54
2016,48,2.52
2016,47,2.46
2016,46,2.65
2016,45,2.28
2016,44,2.27
2016,43,2.48
2016,42,2.18
2016,41,2.17
2016,40,2.11
2016,39,2.27
2016,38,2.48
2016,37,2.43
2016,36,2.20
2016,35,2.37
2016,34,2.13
2016,33,2.56
2016,32,2.43
2016,31,2.27
2016,30,2.31
2016,29,2.44
2016,28,2.45
2016,27,2.26
2016,26,2.41
2016,25,2.68
2016,24,2.57
2016,23,2.75
2016,22,2.65
2016,21,2.78
2016,20,2.70
2016,19,2.79
2016,18,2.59
2016,17,2.84
2016,16,2.63
2016,15,2.66
2016,14,2.56
2016,13,2.74
2016,12,2.78
2016,11,2.74
2016,10,2.87
2016,9,2.68
2016,8,2.98
2016,7,3.03
2016,6,2.83
2016,5,2.70
2016,4,2.95
2016,3,3.09
2016,2,2.88
2016,1,2.95
2015,53,3.17
2015,52,2.87
2015,51,2.97
2015,50,2.84
2015,49,2.94
2015,48,2.89
2015,47,3.15
2015,46,2.71
2015,45,3.16
2015,44,2.74
2015,43,2.75
2015,42,3.08
2015,41,2.98
2015,40,3.09
2015,39,3.18
2015,38,3.03
2015,37,3.02
2015,36,3.08
2015,35,3.19
2015,34,3.14
2015,33,3.01
2015,32,3.11
2015,31,3.13
2015,30,3.27
2015,29,3.33
2015,28,3.31
2015,27,3.17
2015,26,3.29
2015,25,3.09
2015,24,2.97
2015,23,2.85
2015,22,2.79
2015,21,2.85
2015,20,2.84
2015,19,2.57
2015,18,2.28
2015,17,2.13
2015,16,2.14
2015,15,2.33
2015,14,2.25
2015,13,2.34
2015,12,2.16
2015,11,2.21
2015,10,2.34
2015,9,2.28
2015,8,2.13
2015,7,2.22
2015,6,2.14
2015,5,2.34
2015,4,2.45
2015,3,2.53
2015,2,2.53
2015,1,2.64
2014,52,2.60
2014,51,2.61
2014,50,2.71
2014,49,2.64
2014,48,2.64
2014,47,2.66
2014,46,2.78
2014,45,2.72
2014,44,2.78
2014,43,2.76
2014,42,2.79
2014,41,2.80
2014,40,2.83
2014,39,2.88
2014,38,2.94
2014,37,2.93
2014,36,2.87
2014,35,2.92
2014,34,2.95
2014,33,2.97
2014,32,2.99
2014,31,3.03
2014,30,3.02
2014,29,3.03
2014,28,3.01
2014,27,3.04
2014,26,3.06
2014,25,3.09
2014,24,3.11
2014,23,3.12
2014,22,3.12
2014,21,3.12
2014,20,3.14
2014,19,3.19
2014,18,3.21
2014,17,3.22
2014,16,3.23
2014,15,3.24
2014,14,3.26
2014,13,3.35
2014,12,3.32
2014,11,3.34
2014,10,3.39
2014,9,3.43
2014,8,3.45
2014,7,3.50
2014,6,3.49
2014,5,3.56
2014,4,3.61
2014,3,3.62
2014,2,3.66
2014,1,3.64
2013,52,3.66
2013,51,3.56
2013,50,3.65
2013,49,3.58
2013,48,3.54
2013,47,3.55
2013,46,3.61
2013,45,3.59
2013,44,3.61
2013,43,3.67
2013,42,3.76
2013,41,3.70
2013,40,3.67
2013,39,3.78
2013,38,3.90
2013,37,3.90
2013,36,3.78
2013,35,3.74
2013,34,3.72
2013,33,3.59
2013,32,3.58
2013,31,3.55
2013,30,3.54
2013,29,3.50
2013,28,3.53
2013,27,3.41
2013,26,3.52
2013,25,3.37
2013,24,3.31
2013,23,3.22
2013,22,3.18
2013,21,3.11
2013,20,3.12
2013,19,3.12
2013,18,3.12
2013,17,3.17
2013,16,3.20
2013,15,3.25
2013,14,3.23
2013,13,3.36
2013,12,3.39
2013,11,3.42
2013,10,3.43
2013,9,3.47
2013,8,3.55
2013,7,3.49
2013,6,3.48
2013,5,3.47
2013,4,3.34
2013,3,3.28
2013,2,3.28
2013,1,3.28
2012,52,3.28
2012,51,3.32
2012,50,3.27
2012,49,3.37
2012,48,3.42
2012,47,3.47
2012,46,3.49
2012,45,3.51
2012,44,3.51
2012,43,3.58
2012,42,3.59
2012,41,3.53
2012,40,3.51
2012,39,3.54
2012,38,3.62
2012,37,3.54
2012,36,3.45
2012,35,3.46
2012,34,3.53
2012,33,3.55
2012,32,3.56
2012,31,3.53
2012,30,3.50
2012,29,3.51
2012,28,3.55
2012,27,3.62
2012,26,3.66
2012,25,3.61
2012,24,3.50
2012,23,3.51
2012,22,3.63
2012,21,3.68
2012,20,3.73
2012,19,3.82
2012,18,3.83
2012,17,3.86
2012,16,3.86
2012,15,3.90
2012,14,3.92
2012,13,3.94
2012,12,3.92
2012,11,3.90
2012,10,3.97
2012,9,3.97
2012,8,3.96
2012,7,3.98
2012,6,3.92
2012,5,3.99
2012,4,3.88
2012,3,4.06
2012,2,4.04
2012,1,4.10
2011,52,4.14
2011,51,4.19
2011,50,4.26
2011,49,4.30
2011,48,4.30
2011,47,4.28
2011,46,4.31
2011,45,4.35
2011,44,4.38
2011,43,4.36
2011,42,4.34
2011,41,4.26
2011,40,4.27
2011,39,4.24
2011,38,4.33
2011,37,4.35
2011,36,4.46
2011,35,4.40
2011,34,4.56
2011,33,4.85
2011,32,5.04
2011,31,5.03
2011,30,5.06
2011,29,5.09
2011,28,5.16
2011,27,5.11
2011,26,5.12
2011,25,5.08
2011,24,5.08
2011,23,5.07
2011,22,5.09
2011,21,5.14
2011,20,5.11
2011,19,5.22
2011,18,5.19
2011,17,5.23
2011,16,5.26
2011,15,5.06
2011,14,5.13
2011,13,5.14
2011,12,5.03
2011,11,5.17
2011,10,4.94
2011,9,5.09
2011,8,5.14
2011,7,4.94
2011,6,4.73
2011,5,4.62
2011,4,4.59
2011,3,4.57
2011,2,4.57
2011,1,4.60
2010,52,4.68
2010,51,4.80
2010,50,4.61
2010,49,4.53
2010,48,4.43
2010,47,4.37
2010,46,4.30
2010,45,4.29
2010,44,4.31
2010,43,4.26
2010,42,4.19
2010,41,4.18
2010,40,4.20
2010,39,4.24
2010,38,4.24
2010,37,4.18
2010,36,4.13
2010,35,4.12
2010,34,4.18
2010,33,4.25
2010,32,4.34
2010,31,4.39
2010,30,4.35
2010,29,4.35
2010,28,4.32
2010,27,4.32
2010,26,4.37
2010,25,4.38
2010,24,4.31
2010,23,4.31
2010,22,4.36
2010,21,4.46
2010,20,4.53
2010,19,4.55
2010,18,4.63
2010,17,4.68
2010,16,4.64
2010,15,4.75
2010,14,4.88
2010,13,4.68
2010,12,4.79
2010,11,4.85
2010,10,4.88
2010,9,4.95
2010,8,4.93
2010,7,5.02
2010,6,5.01
2010,5,5.08
2010,4,5.06
2010,3,5.12
2010,2,5.20
2010,1,5.20
2009,53,5.19
2009,52,5.18
2009,51,5.17
2009,50,5.14
2009,49,5.20
2009,48,5.22
2009,47,5.26
2009,46,5.30
2009,45,5.28
2009,44,5.29
2009,43,5.25
2009,42,5.20
2009,41,5.19
2009,40,5.21
2009,39,5.25
2009,38,5.24
2009,37,5.24
2009,36,5.20
2009,35,5.20
2009,34,5.28
2009,33,5.29
2009,32,5.29
2009,31,5.35
2009,30,5.35
2009,29,5.34
2009,28,5.31
2009,27,5.38
2009,26,5.48
2009,25,5.53
2009,24,5.59
2009,23,5.43
2009,22,5.48
2009,21,5.46
2009,20,5.46
2009,19,5.48
2009,18,5.54
2009,17,5.48
2009,16,5.44
2009,15,5.55
2009,14,5.49
2009,13,5.61
2009,12,5.84
2009,11,6.01
2009,10,6.11
2009,9,6.23
2009,8,6.13
2009,7,6.15
2009,6,6.29
2009,5,6.35
2009,4,6.03
2009,3,6.18
2009,2,6.12
2009,1,6.50
2008,52,6.58
2008,51,6.62
2008,50,6.53
2008,49,6.60
2008,48,6.88
2008,47,7.03
2008,46,7.18
2008,45,7.25
2008,44,7.43
2008,43,7.37
2008,42,7.44
2008,41,7.19
2008,40,7.10
2008,39,7.06
2008,38,6.73
2008,37,6.49
2008,36,6.50
2008,35,6.60
2008,34,6.53
2008,33,6.73
2008,32,7.08
2008,31,7.09
2008,30,7.18
2008,29,7.14
2008,28,7.15
2008,27,7.12
2008,26,7.13
2008,25,6.62
2008,24,6.55
2008,23,6.40
2008,22,6.33
2008,21,6.28
2008,20,6.22
2008,19,6.20
2008,18,6.18
2008,17,6.15
2008,16,6.09
2008,15,6.06
2008,14,6.03
2008,13,5.93
2008,12,5.72
2008,11,5.73
2008,10,5.61
2008,9,5.67
2008,8,5.72
2008,7,5.59
2008,6,5.68
2008,5,5.77
2008,4,5.94
2008,3,6.01
2008,2,6.11
2008,1,5.73
2007,52,5.94
2007,51,5.95
2007,50,5.82
2007,49,5.63
2007,48,5.59
2007,47,5.64
2007,46,5.68
2007,45,5.79
2007,44,5.82
2007,43,5.95
2007,42,5.99
2007,41,6.02
2007,40,6.13
2007,39,6.11
2007,38,6.09
2007,37,6.11
2007,36,6.12
2007,35,6.13
2007,34,6.15
2007,33,6.15
2007,32,6.15
2007,31,6.16
2007,30,6.21
2007,29,6.23
2007,28,6.22
2007,27,6.21
2007,26,6.16
2007,25,6.11
2007,24,5.66
2007,23,5.56
2007,22,5.48
2007,21,5.43
2007,20,5.40
2007,19,5.34
2007,18,5.31
2007,17,5.32
2007,16,5.31
2007,15,5.29
2007,14,5.25
2007,13,5.24
2007,12,5.18
2007,11,5.20
2007,10,5.21
2007,9,5.22
2007,8,5.25
2007,7,5.25
2007,6,5.25
2007,5,5.28
2007,4,5.25
2007,3,5.24
2007,2,5.24
2007,1,5.22
2006,52,5.22
2006,51,5.20
2006,50,5.17
2006,49,5.16
2006,48,5.18
2006,47,5.18
2006,46,5.19
2006,45,5.13
2006,44,5.21
2006,43,5.26
2006,42,5.25
2006,41,5.23
2006,40,5.20
2006,39,5.17
2006,38,5.24
2006,37,5.26
2006,36,5.26
2006,35,5.26
2006,34,5.28
2006,33,5.34
2006,32,5.31
2006,31,5.34
2006,30,5.35
2006,29,5.39
2006,28,5.40
2006,27,5.43
2006,26,5.40
2006,25,5.34
2006,24,5.33
2006,23,5.35
2006,22,5.35
2006,21,5.32
2006,20,5.36
2006,19,5.37
2006,18,5.34
2006,17,5.28
2006,16,5.29
2006,15,5.26
2006,14,5.26
2006,13,5.05
2006,12,5.09
2006,11,5.02
2006,10,4.90
2006,9,4.70
2006,8,4.52
2006,7,4.52
2006,6,4.50
2006,5,4.50
2006,4,4.51
2006,3,4.37
2006,2,4.36
2006,1,4.40
2005,52,4.44
2005,51,4.47
2005,50,4.48
2005,49,4.50
2005,48,4.50
2005,47,4.59
2005,46,4.60
2005,45,4.60
2005,44,4.47
2005,43,4.36
2005,42,4.31
2005,41,4.27
2005,40,4.25
2005,39,4.25
2005,38,4.21
2005,37,4.23
2005,36,4.22
2005,35,4.25
2005,34,4.22
2005,33,4.26
2005,32,4.32
2005,31,4.29
2005,30,4.24
2005,29,4.26
2005,28,4.23
2005,27,4.21
2005,26,4.18
2005,25,4.20
2005,24,4.22
2005,23,4.17
2005,22,4.22
2005,21,4.24
2005,20,4.25
2005,19,4.28
2005,18,4.30
2005,17,4.36
2005,16,4.38
2005,15,4.40
2005,14,4.41
2005,13,4.50
2005,12,4.53
2005,11,4.52
2005,10,4.52
2005,9,4.52
2005,8,4.50
2005,7,4.38
2005,6,4.32
2005,5,4.43
2005,4,4.51
2005,3,4.47
2005,2,4.59
2005,1,4.54
2004,52,4.97
2004,51,5.02
2004,50,5.02
2004,49,5.10
2004,48,5.13
2004,47,5.15
2004,46,5.18
2004,45,5.22
2004,44,5.19
2004,43,5.18
2004,42,5.18
2004,41,5.23
2004,40,5.23
2004,39,5.22
2004,38,5.27
2004,37,5.30
2004,36,5.27
2004,35,5.29
2004,34,5.28
2004,33,5.28
2004,32,5.33
2004,31,5.42
2004,30,5.40
2004,29,5.39
2004,28,5.40
2004,27,5.48
2004,26,5.50
2004,25,5.53
2004,24,5.52
2004,23,5.52
2004,22,5.48
2004,21,5.48
2004,20,5.46
2004,19,5.31
2004,18,5.34
2004,17,5.33
2004,16,5.31
2004,15,5.27
2004,14,5.20
2004,13,5.18
2004,12,5.18
2004,11,5.18
2004,10,5.24
2004,9,5.25
2004,8,5.28
2004,7,5.30
2004,6,5.33
2004,5,5.35
2004,4,5.28
2004,3,5.33
2004,2,4.95
2004,1,5.44
2003,52,5.45
2003,51,5.45
2003,50,5.52
2003,49,5.54
2003,48,5.58
2003,47,5.48
2003,46,5.60
2003,45,5.59
2003,44,5.56
2003,43,5.54
2003,42,5.56
2003,41,5.52
2003,40,5.45
2003,39,5.46
2003,38,5.56
2003,37,5.60
2003,36,5.65
2003,35,5.57
2003,34,5.57
2003,33,5.52
2003,32,5.52
2003,31,5.48
2003,30,5.41
2003,29,5.36
2003,28,5.32
2003,27,5.30
2003,26,5.25
2003,25,5.19
2003,24,5.16
2003,23,5.23
2003,22,5.24
2003,21,5.25
2003,20,5.33
2003,19,5.38
2003,18,5.43
2003,17,5.47
2003,16,5.53
2003,15,5.51
2003,14,5.46
2003,13,5.49
2003,12,5.50
2003,11,5.29
2003,10,5.30
2003,9,5.33
2003,8,5.35
2003,7,5.38
2003,6,5.41
2003,5,5.46
2003,4,5.44
2003,3,5.52
2003,2,5.53
2003,1,5.56
2002,52,5.66
2002,51,5.67
2002,50,5.83
2002,49,6.02
2002,48,6.08
2002,47,6.06
2002,46,6.08
2002,45,6.16
2002,44,6.14
2002,43,6.20
2002,42,6.08
2002,41,5.94
2002,40,6.01
2002,39,6.04
2002,38,6.13
2002,37,6.24
2002,36,6.23
2002,35,6.06
2002,34,5.98
2002,33,5.92
2002,32,6.04
2002,31,6.20
2002,30,6.30
2002,29,6.33
2002,28,6.39
2002,27,6.37
2002,26,6.35
2002,25,6.41
2002,24,6.50
2002,23,6.52
2002,22,6.54
2002,21,6.56
2002,20,6.58
2002,19,6.56
2002,18,6.56
2002,17,6.58
2002,16,6.58
2002,15,6.58
2002,14,6.58
2002,13,6.61
2002,12,6.61
2002,11,6.61
2002,10,6.53
2002,9,6.46
2002,8,6.45
2002,7,6.44
2002,6,6.37
2002,5,6.43
2002,4,6.31
2002,3,6.32
2002,2,6.31
2002,1,6.37
2001,52,6.40
2001,51,6.35
2001,50,6.29
2001,49,6.12
2001,48,6.16
2001,47,6.04
2001,46,5.90
2001,45,5.97
2001,44,6.16
2001,43,6.29
2001,42,6.35
2001,41,6.37
2001,40,6.37
2001,39,6.58
2001,38,6.56
2001,37,6.57
2001,36,6.62
2001,35,6.67
2001,34,6.59
2001,33,6.70
2001,32,6.85
2001,31,7.07
2001,30,7.12
2001,29,7.16
2001,28,7.11
2001,27,7.09
2001,26,7.07
2001,25,7.14
2001,24,7.12
2001,23,7.18
2001,22,7.17
2001,21,7.12
2001,20,7.05
2001,19,6.98
2001,18,7.01
2001,17,6.93
2001,16,6.76
2001,15,6.63
2001,14,6.63
2001,13,6.62
2001,12,6.74
2001,11,6.83
2001,10,6.94
2001,9,7.16
2001,8,7.13
2001,7,7.13
2001,6,7.11
2001,5,7.25
2001,4,7.25
2001,3,7.25
2001,2,7.35
2001,1,7.00
2000,52,7.24
2000,51,7.28
2000,50,7.34
2000,49,7.28
2000,48,7.37
2000,47,7.34
2000,46,7.41
2000,45,7.50
2000,44,7.58
2000,43,7.71
2000,42,7.71
2000,41,7.81
2000,40,8.06
2000,39,8.04
2000,38,8.14
2000,37,8.05
2000,36,7.96
2000,35,7.99
2000,34,8.04
2000,33,7.93
2000,32,8.07
2000,31,8.09
2000,30,8.10
2000,29,8.15
2000,28,8.18
2000,27,7.59
2000,26,7.63
2000,25,7.57
2000,24,7.53
2000,23,7.52
2000,22,7.53
2000,21,7.53
2000,20,7.58
2000,19,7.44
2000,18,7.40
2000,17,7.32
2000,16,7.22
2000,15,7.16
2000,14,7.22
2000,13,7.24
2000,12,7.25
2000,11,7.26
2000,10,7.32
2000,9,7.40
2000,8,7.33
2000,7,7.45
2000,6,7.41
2000,5,7.53
2000,4,7.66
2000,3,7.61
2000,2,7.54
2000,1,7.50
1999,52,7.37
1999,51,7.44
1999,50,7.23
1999,49,7.36
1999,48,7.52
1999,47,7.51
1999,46,7.55
1999,45,7.43
1999,44,7.58
1999,43,7.82
1999,42,7.89
1999,41,7.83
1999,40,7.90
1999,39,8.02
1999,38,8.08
1999,37,8.11
1999,36,8.12
1999,35,7.77
1999,34,7.82
1999,33,8.11
1999,32,8.11
1999,31,7.40
1999,30,7.18
1999,29,7.14
1999,28,7.11
1999,27,6.78
1999,26,6.59
1999,25,6.57
1999,24,6.49
1999,23,6.49
1999,22,6.40
1999,21,6.29
1999,20,6.24
1999,19,6.14
1999,18,6.01
1999,17,6.03
1999,16,6.05
1999,15,6.08
1999,14,6.02
1999,13,6.11
1999,12,6.19
1999,11,6.22
1999,10,6.29
1999,9,6.30
1999,8,6.08
1999,7,6.06
1999,6,6.00
1999,5,5.97
1999,4,5.98
1999,3,5.95
1999,2,5.91
1999,1,5.97
1998,53,6.29
1998,52,6.22
1998,51,6.34
1998,50,6.31
1998,49,6.36
1998,48,6.39
1998,47,6.45
1998,46,6.58
1998,45,6.58
1998,44,6.68
1998,43,6.74
1998,42,6.79
1998,41,6.63
1998,40,6.47
1998,39,6.75
1998,38,6.35
1998,37,6.33
1998,36,6.38
1998,35,6.30
1998,34,6.21
1998,33,6.17
1998,32,6.23
1998,31,6.27
1998,30,6.31
1998,29,6.32
1998,28,6.30
1998,27,6.34
1998,26,6.37
1998,25,6.39
1998,24,6.39
1998,23,6.42
1998,22,6.49
1998,21,6.55
1998,20,6.56
1998,19,6.55
1998,18,6.57
1998,17,6.47
1998,16,6.44
1998,15,6.47
1998,14,6.62
1998,13,6.59
1998,12,6.54
1998,11,6.55
1998,10,6.65
1998,9,6.70
1998,8,6.65
1998,7,6.84
1998,6,6.89
1998,5,6.90
1998,4,6.83
1998,3,6.90
1998,2,7.00
1998,1,7.14
1997,52,7.12
1997,51,7.19
1997,50,7.36
1997,49,7.36
1997,48,7.36
1997,47,7.41
1997,46,7.48
1997,45,7.51
1997,44,7.54
1997,43,7.53
1997,42,7.50
1997,41,7.39
1997,40,7.37
1997,39,7.46
1997,38,7.55
1997,37,7.58
1997,36,7.59
